0,id07003
1,id02037
2,id06264
3,id01173
4,id08822
5,id08165
6,id01937
7,id05983
8,id01624
9,id07981
10,id08231
11,id04561
12,id05681
13,id03199
14,id02818
15,id01024
16,id02988
17,id03281
18,id08903
19,id04197
20,id00435
21,id02350
22,id04356
23,id08760
24,id05664
25,id01615
26,id05917
27,id05401
28,id02341
29,id07553
30,id05623
31,id08598
32,id04662
33,id04987
34,id01166
35,id07828
36,id00137
37,id01729
38,id00617
39,id02599
40,id07422
41,id06450
42,id03582
43,id05245
44,id08955
45,id06685
46,id07043
47,id01605
48,id07527
49,id04890
50,id06528
51,id05797
52,id08742
53,id04311
54,id09234
55,id00459
56,id04055
57,id01241
58,id08713
59,id01869
60,id07214
61,id00690
62,id03013
63,id07306
64,id00243
65,id06256
66,id00039
67,id01710
68,id02623
69,id05875
70,id01422
71,id07401
72,id00832
73,id04420
74,id06949
75,id08607
76,id03452
77,id07357
78,id02823
79,id02102
80,id00792
81,id03774
82,id03264
83,id05103
84,id00546
85,id08584
86,id04318
87,id04564
88,id00514
89,id03299
90,id07432
91,id07411
92,id07996
93,id06969
94,id07241
95,id03458
96,id07363
97,id07976
98,id08467
99,id01966
100,id07569
101,id01004
102,id01960
103,id05958
104,id01103
105,id07375
106,id02208
107,id06269
108,id04958
109,id09227
110,id00328
111,id00290
112,id03274
113,id08611
114,id04445
115,id05209
116,id07500
117,id09030
118,id06726
119,id08610
120,id08422
121,id03946
122,id04133
123,id01154
124,id03209
125,id08171
126,id06848
127,id07466
128,id03728
129,id06382
130,id02139
131,id01129
132,id05984
133,id00270
134,id01071
135,id07155
136,id07308
137,id06017
138,id01879
139,id05310
140,id04050
141,id02714
142,id06888
143,id01244
144,id07001
145,id00809
146,id08250
147,id02958
148,id06304
149,id08220
150,id05771
151,id08643
152,id06051
153,id03373
154,id07445
155,id01374
156,id07031
157,id08210
158,id08364
159,id04092
160,id07914
161,id05737
162,id04501
163,id08490
164,id01499
165,id07511
166,id02924
167,id04484
168,id01332
169,id00825
170,id08994
171,id02062
172,id04894
173,id01662
174,id06908
175,id06963
176,id03344
177,id03970
178,id01303
179,id01235
180,id02212
181,id04402
182,id00388
183,id00581
184,id04991
185,id04498
186,id01368
187,id04477
188,id06576
189,id07072
190,id05715
191,id02464
192,id04137
193,id06162
194,id00103
195,id06360
196,id02715
197,id07546
198,id03414
199,id04005
200,id08222
201,id05150
202,id07832
203,id03812
204,id07705
205,id07927
206,id01594
207,id08299
208,id08169
209,id02901
210,id07154
211,id03179
212,id00232
213,id08203
214,id00129
215,id08261
216,id00553
217,id02460
218,id00701
219,id01888
220,id04684
221,id05104
222,id01301
223,id04343
224,id00355
225,id02024
226,id06745
227,id07162
228,id07833
229,id06056
230,id00116
231,id00169
232,id01900
233,id08546
234,id02331
235,id04917
236,id02546
237,id07343
238,id03295
239,id04747
240,id04349
241,id04803
242,id03864
243,id07519
244,id00372
245,id05561
246,id04524
247,id01868
248,id02292
249,id08862
250,id05788
251,id08170
252,id09038
253,id01036
254,id04293
255,id07991
256,id01003
257,id04455
258,id00075
259,id05907
260,id07483
261,id01188
262,id08471
263,id01939
264,id08155
265,id05734
266,id06765
267,id03550
268,id05894
269,id00086
270,id03577
271,id02134
272,id07058
273,id07818
274,id05186
275,id00281
276,id04613
277,id07135
278,id03291
279,id00264
280,id07807
281,id02240
282,id02013
283,id00348
284,id00763
285,id06432
286,id02598
287,id05387
288,id07689
289,id03683
290,id04053
291,id05236
292,id00712
293,id08940
294,id00909
295,id08343
296,id02172
297,id08721
298,id02267
299,id06338
300,id01687
301,id02964
302,id07615
303,id00729
304,id02945
305,id04856
306,id06172
307,id03332
308,id01515
309,id05004
310,id05923
311,id08110
312,id03650
313,id07844
314,id04195
315,id01190
316,id02999
317,id08202
318,id04346
319,id03931
320,id01748
321,id03961
322,id06199
323,id01993
324,id02590
325,id02325
326,id06721
327,id07322
328,id00647
329,id00092
330,id02563
331,id01579
332,id04873
333,id06552
334,id01340
335,id05130
336,id07477
337,id04305
338,id02513
339,id09211
340,id01026
341,id00527
342,id08536
343,id03341
344,id06474
345,id04491
346,id08937
347,id05799
348,id09035
349,id04167
350,id06922
351,id04024
352,id07408
353,id07493
354,id09192
355,id02978
356,id05090
357,id08910
358,id06470
359,id04159
360,id06319
361,id00652
362,id02876
363,id03434
364,id01652
365,id01753
366,id06135
367,id00674
368,id00759
369,id00539
370,id08307
371,id04157
372,id07240
373,id02299
374,id05194
375,id04380
376,id06395
377,id09046
378,id01801
379,id04514
380,id05431
381,id02627
382,id00732
383,id02940
384,id00181
385,id07682
386,id02836
387,id06183
388,id03838
389,id01985
390,id06595
391,id07720
392,id06142
393,id04590
394,id03417
395,id05575
396,id00476
397,id00438
398,id05208
399,id01566
400,id00287
401,id07884
402,id00975
403,id01171
404,id06268
405,id00765
406,id04181
407,id07333
408,id05481
409,id07647
410,id06092
411,id01611
412,id01524
413,id03398
414,id07902
415,id07008
416,id08884
417,id08241
418,id02230
419,id03375
420,id05695
421,id00418
422,id00844
423,id05292
424,id02049
425,id01418
426,id04818
427,id07402
428,id04703
429,id04414
430,id06771
431,id04288
432,id04168
433,id02108
434,id02234
435,id01713
436,id06950
437,id08624
438,id00425
439,id06750
440,id09268
441,id07393
442,id04265
443,id03514
444,id07133
445,id02178
446,id04408
447,id02479
448,id02647
449,id02482
450,id03631
451,id06276
452,id06221
453,id02914
454,id08834
455,id08566
456,id03413
457,id01646
458,id00483
459,id05474
460,id03643
461,id05649
462,id03497
463,id07158
464,id08340
465,id00920
466,id03769
467,id05198
468,id06942
469,id07305
470,id05648
471,id04961
472,id01574
473,id04096
474,id09065
475,id01536
476,id01091
477,id02421
478,id01836
479,id02314
480,id01919
481,id01719
482,id01690
483,id02342
484,id07361
485,id07199
486,id01265
487,id06096
488,id05754
489,id06609
490,id07377
491,id00346
492,id04224
493,id00761
494,id07579
495,id02020
496,id01796
497,id07223
498,id06019
499,id04959
500,id02088
501,id07669
502,id06874
503,id07288
504,id08887
505,id00068
506,id06661
507,id01365
508,id00796
509,id01531
510,id07132
511,id06486
512,id06117
513,id05527
514,id03740
515,id01074
516,id00613
517,id06550
518,id01050
519,id08028
520,id08672
521,id05832
522,id04262
523,id02721
524,id06929
525,id04565
526,id09049
527,id04976
528,id05976
529,id07290
530,id00389
531,id04948
532,id03855
533,id07063
534,id01070
535,id07228
536,id04451
537,id01488
538,id06948
539,id01215
540,id09203
541,id06038
542,id01396
543,id05181
544,id08298
545,id06538
546,id07175
547,id05496
548,id06847
549,id07531
550,id00251
551,id08774
552,id01229
553,id04013
554,id05266
555,id05877
556,id05371
557,id06447
558,id05632
559,id02093
560,id08684
561,id02173
562,id03099
563,id04216
564,id03102
565,id05383
566,id09201
567,id03188
568,id05830
569,id05837
570,id02815
571,id04154
572,id00799
573,id05353
574,id08239
575,id01727
576,id07446
577,id06145
578,id07737
579,id00657
580,id09181
581,id04372
582,id08800
583,id04902
584,id06496
585,id05838
586,id02535
587,id01738
588,id07835
589,id08365
590,id06591
591,id00319
592,id06298
593,id00202
594,id03000
595,id07672
596,id08327
597,id02078
598,id04645
599,id05668
600,id03352
601,id03314
602,id07566
603,id05182
604,id07649
605,id06013
606,id03987
607,id01614
608,id01776
609,id05559
610,id06422
611,id04474
612,id02872
613,id01979
614,id00397
615,id04202
616,id02896
617,id08564
618,id03267
619,id06413
620,id06388
621,id04759
622,id09098
623,id03363
624,id08953
625,id07545
626,id02140
627,id02053
628,id06784
629,id00654
630,id08523
631,id01255
632,id05284
633,id00345
634,id04227
635,id05574
636,id04424
637,id03379
638,id08403
639,id02946
640,id01580
641,id06509
642,id08568
643,id08282
644,id06331
645,id02854
646,id00187
647,id00694
648,id03678
649,id05257
650,id01799
651,id07812
652,id07959
653,id00648
654,id02613
655,id00460
656,id01316
657,id06586
658,id01201
659,id08522
660,id05255
661,id04710
662,id01883
663,id05570
664,id07268
665,id01492
666,id01189
667,id01777
668,id01353
669,id08732
670,id01886
671,id06999
672,id05552
673,id00715
674,id02072
675,id07708
676,id03399
677,id05290
678,id01549
679,id03445
680,id05339
681,id04057
682,id08652
683,id08502
684,id08967
685,id07303
686,id03819
687,id07593
688,id07582
689,id06758
690,id01617
691,id01105
692,id01001
693,id04699
694,id01217
695,id04910
696,id05692
697,id06005
698,id03313
699,id08515
700,id04109
701,id00612
702,id00073
703,id08290
704,id01620
705,id05579
706,id03811
707,id06415
708,id00191
709,id06493
710,id04529
711,id07824
712,id00350
713,id01961
714,id06676
715,id04743
716,id05388
717,id08677
718,id01150
719,id06988
720,id07421
721,id05060
722,id04972
723,id02252
724,id04118
725,id01627
726,id03077
727,id05427
728,id05491
729,id04727
730,id07256
731,id07334
732,id08158
733,id00865
734,id09213
735,id02206
736,id00380
737,id02615
738,id07178
739,id03056
740,id06159
741,id08693
742,id04697
743,id05433
744,id00019
745,id00091
746,id05880
747,id09186
748,id02844
749,id03998
750,id00078
751,id01222
752,id07535
753,id06191
754,id08819
755,id06435
756,id03963
757,id00555
758,id02829
759,id01007
760,id06437
761,id00670
762,id06386
763,id01598
764,id02790
765,id00222
766,id01971
767,id00570
768,id00842
769,id06381
770,id09222
771,id00885
772,id03372
773,id07583
774,id02995
775,id07586
776,id02736
777,id07046
778,id01461
779,id02141
780,id03345
781,id07056
782,id03696
783,id07578
784,id03424
785,id07846
786,id08669
787,id01680
788,id04754
789,id07775
790,id06951
791,id01162
792,id07367
793,id03868
794,id01271
795,id07296
796,id08398
797,id00020
798,id04206
799,id02039
800,id01996
801,id01456
802,id06702
803,id02583
804,id03248
805,id05100
806,id08330
807,id00378
808,id00097
809,id06994
810,id00631
811,id07540
812,id06046
813,id00666
814,id03945
815,id02936
816,id06002
817,id06024
818,id05277
819,id08201
820,id04077
821,id02824
822,id01743
823,id06930
824,id00050
825,id01243
826,id01560
827,id00818
828,id05107
829,id05962
830,id03856
831,id04941
832,id01397
833,id01116
834,id04326
835,id09226
836,id07625
837,id03725
838,id00880
839,id03941
840,id07627
841,id01038
842,id05815
843,id02902
844,id04726
845,id08583
846,id07460
847,id04994
848,id04019
849,id08351
850,id04538
851,id06174
852,id02295
853,id01503
854,id07577
855,id08037
856,id06203
857,id01028
858,id03383
859,id07612
860,id06537
861,id01289
862,id02191
863,id07848
864,id08095
865,id08790
866,id08912
867,id01051
868,id04316
869,id05945
870,id00276
871,id03757
872,id03253
873,id03232
874,id09155
875,id01708
876,id00070
877,id02619
878,id01880
879,id04540
880,id03983
881,id07264
882,id03090
883,id06878
884,id03991
885,id02236
886,id02515
887,id03860
888,id09162
889,id02628
890,id08804
891,id07825
892,id07520
893,id04183
894,id01379
895,id01338
896,id06336
897,id07284
898,id03091
899,id03810
900,id01149
901,id08692
902,id00301
903,id03999
904,id09061
905,id02158
906,id03717
907,id01550
908,id06226
909,id06295
910,id06625
911,id07837
912,id02448
913,id02293
914,id05293
915,id00491
916,id02889
917,id05644
918,id04007
919,id07508
920,id03495
921,id01223
922,id00179
923,id02920
924,id01387
925,id06953
926,id07539
927,id04375
928,id06642
929,id01654
930,id02820
931,id04646
932,id07695
933,id04238
934,id09023
935,id02033
936,id03820
937,id05101
938,id02214
939,id01590
940,id07839
941,id06967
942,id07726
943,id00608
944,id00458
945,id07702
946,id03453
947,id07210
948,id01161
949,id02034
950,id05834
951,id08067
952,id05843
953,id00931
954,id08355
955,id05722
956,id00582
957,id04847
958,id05212
959,id00584
960,id08344
961,id05515
962,id02607
963,id06321
964,id01304
965,id08499
966,id05723
967,id07371
968,id09032
969,id01694
970,id01097
971,id02631
972,id07086
973,id04720
974,id06214
975,id01274
976,id08023
977,id00985
978,id02075
979,id01240
980,id06883
981,id00144
982,id03521
983,id01640
984,id01891
985,id05166
986,id03569
987,id01610
988,id04505
989,id05765
990,id08373
991,id04373
992,id04085
993,id06477
994,id06332
995,id04988
996,id05220
997,id04250
998,id01783
999,id07320
1000,id00223
1001,id03847
1002,id07213
1003,id01595
1004,id00944
1005,id06598
1006,id08663
1007,id06896
1008,id03767
1009,id01770
1010,id05748
1011,id05312
1012,id07636
1013,id06176
1014,id01832
1015,id08820
1016,id04160
1017,id05759
1018,id04234
1019,id00507
1020,id04246
1021,id07715
1022,id07751
1023,id04602
1024,id00882
1025,id03287
1026,id09020
1027,id07570
1028,id08247
1029,id00534
1030,id05864
1031,id01206
1032,id04456
1033,id01528
1034,id07703
1035,id05871
1036,id02439
1037,id09066
1038,id08288
1039,id00421
1040,id07341
1041,id00922
1042,id04744
1043,id07230
1044,id04379
1045,id01331
1046,id05379
1047,id09245
1048,id08042
1049,id07800
1050,id08650
1051,id09220
1052,id08830
1053,id05430
1054,id07803
1055,id01597
1056,id04254
1057,id01466
1058,id08311
1059,id01314
1060,id07272
1061,id08420
1062,id04302
1063,id00632
1064,id04741
1065,id07561
1066,id07564
1067,id06297
1068,id07244
1069,id00867
1070,id07510
1071,id02730
1072,id01069
1073,id07640
1074,id01163
1075,id05502
1076,id03984
1077,id07447
1078,id05075
1079,id06914
1080,id04304
1081,id08159
1082,id01591
1083,id01491
1084,id06536
1085,id09197
1086,id00699
1087,id02260
1088,id04145
1089,id08267
1090,id05798
1091,id00381
1092,id06593
1093,id07366
1094,id08094
1095,id00823
1096,id00574
1097,id09262
1098,id01230
1099,id05977
1100,id01057
1101,id08678
1102,id01231
1103,id00607
1104,id02160
1105,id07798
1106,id03249
1107,id03325
1108,id03471
1109,id01997
1110,id05018
1111,id03682
1112,id02897
1113,id06575
1114,id00510
1115,id01782
1116,id01785
1117,id01451
1118,id07497
1119,id05919
1120,id07338
1121,id06887
1122,id08163
1123,id03006
1124,id07811
1125,id08126
1126,id03198
1127,id09059
1128,id07005
1129,id01160
1130,id00405
1131,id04396
1132,id06829
1133,id08180
1134,id04752
1135,id07693
1136,id02839
1137,id00869
1138,id08266
1139,id02984
1140,id02189
1141,id07209
1142,id03320
1143,id06270
1144,id03433
1145,id00197
1146,id07332
1147,id08124
1148,id08703
1149,id07949
1150,id07337
1151,id03483
1152,id05467
1153,id02058
1154,id06916
1155,id02747
1156,id05429
1157,id01875
1158,id05008
1159,id02452
1160,id02683
1161,id09063
1162,id00457
1163,id03176
1164,id04858
1165,id01120
1166,id05032
1167,id01841
1168,id08321
1169,id05152
1170,id03966
1171,id03546
1172,id00628
1173,id00164
1174,id02101
1175,id03279
1176,id04207
1177,id02680
1178,id05938
1179,id05457
1180,id03400
1181,id01232
1182,id00478
1183,id04696
1184,id04552
1185,id01522
1186,id03342
1187,id08653
1188,id03711
1189,id08200
1190,id01962
1191,id04713
1192,id03751
1193,id05703
1194,id01054
1195,id01716
1196,id07050
1197,id08783
1198,id08839
1199,id02827
1200,id00824
1201,id09052
1202,id09044
1203,id02703
1204,id03768
1205,id06760
1206,id07713
1207,id01721
1208,id01084
1209,id03572
1210,id00060
1211,id05375
1212,id06028
1213,id09156
1214,id02734
1215,id07004
1216,id09036
1217,id06516
1218,id07115
1219,id07204
1220,id02596
1221,id04444
1222,id01686
1223,id01424
1224,id04528
1225,id02022
1226,id00780
1227,id07575
1228,id00568
1229,id05505
1230,id09057
1231,id02183
1232,id08352
1233,id00253
1234,id03335
1235,id06428
1236,id05169
1237,id05123
1238,id05545
1239,id02060
1240,id08776
1241,id04737
1242,id01718
1243,id04368
1244,id03073
1245,id06293
1246,id06724
1247,id04255
1248,id04122
1249,id04235
1250,id09095
1251,id03307
1252,id04876
1253,id00415
1254,id01648
1255,id08348
1256,id06889
1257,id08183
1258,id05529
1259,id03844
1260,id01121
1261,id08054
1262,id06838
1263,id01420
1264,id07567
1265,id00638
1266,id08047
1267,id05658
1268,id04509
1269,id00634
1270,id03028
1271,id06258
1272,id08881
1273,id07263
1274,id05868
1275,id01781
1276,id05249
1277,id07613
1278,id02486
1279,id02323
1280,id05022
1281,id02133
1282,id01910
1283,id08730
1284,id04563
1285,id00629
1286,id02857
1287,id07869
1288,id08127
1289,id08647
1290,id06275
1291,id03639
1292,id02085
1293,id05731
1294,id03986
1295,id08284
1296,id04129
1297,id08198
1298,id01823
1299,id02311
1300,id04162
1301,id05882
1302,id04194
1303,id01252
1304,id04774
1305,id00336
1306,id08745
1307,id09021
1308,id06378
1309,id02243
1310,id03709
1311,id06021
1312,id01554
1313,id06698
1314,id03316
1315,id08053
1316,id07107
1317,id07468
1318,id01174
1319,id08445
1320,id05806
1321,id05678
1322,id08483
1323,id07547
1324,id05672
1325,id05105
1326,id02805
1327,id00173
1328,id02312
1329,id01994
1330,id07471
1331,id00231
1332,id05697
1333,id08527
1334,id05982
1335,id00040
1336,id05016
1337,id08769
1338,id05189
1339,id05093
1340,id06389
1341,id03609
1342,id03950
1343,id04589
1344,id00623
1345,id08144
1346,id06109
1347,id06906
1348,id08973
1349,id09039
1350,id08492
1351,id06207
1352,id01085
1353,id07592
1354,id05856
1355,id03211
1356,id05549
1357,id05957
1358,id00740
1359,id03903
1360,id05641
1361,id09040
1362,id04289
1363,id09031
1364,id01913
1365,id03428
1366,id01543
1367,id05040
1368,id02038
1369,id01372
1370,id03460
1371,id07963
1372,id09125
1373,id05227
1374,id08616
1375,id09056
1376,id04823
1377,id00828
1378,id05804
1379,id00032
1380,id08524
1381,id08930
1382,id08797
1383,id08782
1384,id02660
1385,id00895
1386,id08860
1387,id08982
1388,id06105
1389,id06708
1390,id04814
1391,id06188
1392,id02641
1393,id06261
1394,id05671
1395,id02707
1396,id05048
1397,id01094
1398,id00416
1399,id03825
1400,id02455
1401,id04896
1402,id00239
1403,id02213
1404,id03286
1405,id06347
1406,id00371
1407,id07971
1408,id08064
1409,id05314
1410,id00300
1411,id02629
1412,id00980
1413,id07103
1414,id03633
1415,id00376
1416,id03145
1417,id07116
1418,id01317
1419,id04970
1420,id06954
1421,id06112
1422,id06830
1423,id05333
1424,id06000
1425,id05428
1426,id07680
1427,id00993
1428,id04106
1429,id07183
1430,id04979
1431,id08080
1432,id03075
1433,id01750
1434,id05677
1435,id08287
1436,id03615
1437,id06846
1438,id08455
1439,id08705
1440,id08606
1441,id04125
1442,id05828
1443,id05345
1444,id02204
1445,id01388
1446,id02687
1447,id07134
1448,id06640
1449,id06793
1450,id08784
1451,id01236
1452,id08274
1453,id01288
1454,id05746
1455,id07065
1456,id07039
1457,id05610
1458,id07730
1459,id00522
1460,id02833
1461,id01778
1462,id00593
1463,id08024
1464,id04029
1465,id04132
1466,id02848
1467,id00464
1468,id09055
1469,id01204
1470,id06262
1471,id02547
1472,id06249
1473,id07026
1474,id08919
1475,id09242
1476,id00881
1477,id04407
1478,id01551
1479,id02388
1480,id05167
1481,id00981
1482,id02953
1483,id06065
1484,id00708
1485,id03339
1486,id09185
1487,id09225
1488,id07491
1489,id01183
1490,id01513
1491,id05399
1492,id02296
1493,id07276
1494,id05265
1495,id04746
1496,id08086
1497,id02810
1498,id00085
1499,id06457
1500,id00766
1501,id01838
1502,id02993
1503,id04034
1504,id01221
1505,id03435
1506,id03723
1507,id01409
1508,id07437
1509,id03439
1510,id04009
1511,id06229
1512,id01999
1513,id05471
1514,id03336
1515,id00126
1516,id03266
1517,id04355
1518,id00449
1519,id03236
1520,id05568
1521,id01273
1522,id04643
1523,id02122
1524,id00760
1525,id00591
1526,id02809
1527,id03785
1528,id06339
1529,id07418
1530,id07691
1531,id00573
1532,id08114
1533,id05581
1534,id04144
1535,id05812
1536,id03928
1537,id06467
1538,id02825
1539,id05849
1540,id06998
1541,id06469
1542,id02462
1543,id01918
1544,id02303
1545,id06511
1546,id04926
1547,id05028
1548,id07887
1549,id04079
1550,id09071
1551,id04048
1552,id03668
1553,id03788
1554,id02409
1555,id06213
1556,id07220
1557,id08294
1558,id08337
1559,id02539
1560,id06747
1561,id00725
1562,id00930
1563,id02840
1564,id05087
1565,id09237
1566,id02001
1567,id08764
1568,id06252
1569,id08088
1570,id08913
1571,id08018
1572,id04615
1573,id04542
1574,id00814
1575,id00829
1576,id02609
1577,id08756
1578,id07599
1579,id01555
1580,id04762
1581,id03687
1582,id03730
1583,id04554
1584,id07180
1585,id06505
1586,id01452
1587,id02017
1588,id03765
1589,id08929
1590,id01898
1591,id05168
1592,id03759
1593,id00984
1594,id03288
1595,id02700
1596,id04256
1597,id06957
1598,id00488
1599,id00079
1600,id04121
1601,id04398
1602,id03815
1603,id08629
1604,id03386
1605,id07015
1606,id02368
1607,id05165
1608,id06070
1609,id03866
1610,id06915
1611,id08715
1612,id03530
1613,id01959
1614,id07735
1615,id03617
1616,id00550
1617,id08674
1618,id00815
1619,id02530
1620,id00827
1621,id03652
1622,id07562
1623,id00286
1624,id05044
1625,id05020
1626,id00268
1627,id04844
1628,id03349
1629,id02163
1630,id03079
1631,id03679
1632,id04995
1633,id07740
1634,id08206
1635,id00206
1636,id06761
1637,id02258
1638,id00109
1639,id04999
1640,id04037
1641,id01972
1642,id08221
1643,id01756
1644,id01292
1645,id05346
1646,id00299
1647,id08496
1648,id01630
1649,id01809
1650,id00171
1651,id01212
1652,id05627
1653,id05783
1654,id00484
1655,id07984
1656,id04231
1657,id00312
1658,id01061
1659,id07374
1660,id02579
1661,id07982
1662,id03489
1663,id01981
1664,id03786
1665,id02928
1666,id00518
1667,id08432
1668,id06215
1669,id06087
1670,id07858
1671,id04851
1672,id04146
1673,id06016
1674,id04980
1675,id04335
1676,id02294
1677,id07368
1678,id04148
1679,id05699
1680,id05916
1681,id04486
1682,id06206
1683,id05978
1684,id04284
1685,id05541
1686,id00090
1687,id01912
1688,id04064
1689,id02695
1690,id07831
1691,id07095
1692,id06524
1693,id07856
1694,id06855
1695,id06553
1696,id04045
1697,id02784
1698,id01140
1699,id05733
1700,id08380
1701,id04530
1702,id01487
1703,id01335
1704,id07137
1705,id07882
1706,id00579
1707,id06588
1708,id01300
1709,id04386
1710,id04733
1711,id02502
1712,id02830
1713,id07841
1714,id06551
1715,id02359
1716,id05810
1717,id04782
1718,id03942
1719,id05286
1720,id00486
1721,id08001
1722,id04895
1723,id06195
1724,id07017
1725,id00322
1726,id07265
1727,id08587
1728,id02584
1729,id01156
1730,id00330
1731,id05282
1732,id05148
1733,id06358
1734,id05237
1735,id04951
1736,id04606
1737,id01373
1738,id09236
1739,id06064
1740,id03803
1741,id08622
1742,id02490
1743,id07049
1744,id02639
1745,id04915
1746,id06418
1747,id02362
1748,id05507
1749,id04010
1750,id05099
1751,id00329
1752,id04184
1753,id01220
1754,id06858
1755,id04693
1756,id01964
1757,id00663
1758,id02180
1759,id06691
1760,id02365
1761,id08547
1762,id06161
1763,id01275
1764,id04740
1765,id07814
1766,id01015
1767,id02005
1768,id05556
1769,id08556
1770,id03777
1771,id07273
1772,id06709
1773,id06578
1774,id03374
1775,id00965
1776,id04203
1777,id06683
1778,id03689
1779,id03087
1780,id08305
1781,id01468
1782,id04192
1783,id00762
1784,id04175
1785,id06633
1786,id05751
1787,id01696
1788,id07992
1789,id06011
1790,id03658
1791,id04977
1792,id01649
1793,id03125
1794,id00302
1795,id06263
1796,id03326
1797,id03750
1798,id06918
1799,id03292
1800,id04054
1801,id06599
1802,id04417
1803,id03532
1804,id07774
1805,id03784
1806,id09179
1807,id06768
1808,id05573
1809,id03949
1810,id00784
1811,id07968
1812,id01293
1813,id06862
1814,id01157
1815,id04163
1816,id08954
1817,id07121
1818,id05270
1819,id08534
1820,id04717
1821,id07168
1822,id00901
1823,id00531
1824,id04841
1825,id01448
1826,id01326
1827,id07692
1828,id04152
1829,id08609
1830,id06821
1831,id01187
1832,id05449
1833,id03005
1834,id06197
1835,id02702
1836,id07643
1837,id01218
1838,id07548
1839,id06840
1840,id05300
1841,id07768
1842,id05927
1843,id08012
1844,id07678
1845,id08740
1846,id06184
1847,id05758
1848,id08878
1849,id08540
1850,id05951
1851,id03262
1852,id04015
1853,id02436
1854,id06596
1855,id02090
1856,id06541
1857,id00777
1858,id03525
1859,id08811
1860,id05058
1861,id08573
1862,id09069
1863,id07616
1864,id07007
1865,id06067
1866,id00325
1867,id06113
1868,id01788
1869,id02091
1870,id08396
1871,id02288
1872,id08423
1873,id08338
1874,id02899
1875,id06163
1876,id07194
1877,id03300
1878,id07727
1879,id05435
1880,id03672
1881,id04665
1882,id07522
1883,id04269
1884,id03898
1885,id01866
1886,id05614
1887,id01664
1888,id02467
1889,id03196
1890,id07470
1891,id09199
1892,id05289
1893,id05634
1894,id09024
1895,id08501
1896,id04271
1897,id04187
1898,id05273
1899,id07834
1900,id00166
1901,id07565
1902,id01894
1903,id07628
1904,id01830
1905,id04179
1906,id03405
1907,id02068
1908,id07012
1909,id04750
1910,id03443
1911,id08303
1912,id03229
1913,id01546
1914,id08736
1915,id08122
1916,id05546
1917,id06071
1918,id08002
1919,id07911
1920,id02458
1921,id07538
1922,id01058
1923,id06822
1924,id02103
1925,id00783
1926,id05173
1927,id04225
1928,id07431
1929,id02508
1930,id08372
1931,id03194
1932,id04169
1933,id02152
1934,id04642
1935,id06004
1936,id07118
1937,id04761
1938,id04800
1939,id07783
1940,id02812
1941,id08758
1942,id04462
1943,id02253
1944,id01370
1945,id00969
1946,id08577
1947,id02300
1948,id02466
1949,id04098
1950,id01062
1951,id08465
1952,id07010
1953,id00361
1954,id05096
1955,id00069
1956,id07108
1957,id03009
1958,id05188
1959,id00317
1960,id01436
1961,id04443
1962,id01350
1963,id08569
1964,id01723
1965,id05493
1966,id03192
1967,id04357
1968,id01205
1969,id07234
1970,id00282
1971,id04560
1972,id06008
1973,id04278
1974,id04490
1975,id05187
1976,id00659
1977,id01008
1978,id01249
1979,id03818
1980,id00577
1981,id07611
1982,id02497
1983,id01251
1984,id01083
1985,id07864
1986,id04193
1987,id00999
1988,id01099
1989,id03671
1990,id09013
1991,id00891
1992,id05961
1993,id03780
1994,id07733
1995,id06116
1996,id06471
1997,id05154
1998,id06196
1999,id00074
2000,id06743
2001,id08668
2002,id01501
2003,id05622
2004,id03559
2005,id03230
2006,id04334
2007,id08368
2008,id05025
2009,id08625
2010,id07840
2011,id08892
2012,id07392
2013,id00481
2014,id05316
2015,id08706
2016,id08926
2017,id06555
2018,id00700
2019,id01572
2020,id03589
2021,id06245
2022,id07148
2023,id02875
2024,id08977
2025,id08211
2026,id05844
2027,id02275
2028,id07059
2029,id05536
2030,id04730
2031,id02329
2032,id02391
2033,id02186
2034,id02073
2035,id05555
2036,id05719
2037,id01988
2038,id05772
2039,id06775
2040,id00594
2041,id08046
2042,id01498
2043,id01806
2044,id04510
2045,id02710
2046,id07299
2047,id05125
2048,id07958
2049,id01742
2050,id00884
2051,id00742
2052,id06581
2053,id03462
2054,id03241
2055,id00904
2056,id05450
2057,id04018
2058,id09047
2059,id07760
2060,id03243
2061,id08785
2062,id02441
2063,id04107
2064,id04973
2065,id04555
2066,id05860
2067,id00615
2068,id03227
2069,id07034
2070,id04945
2071,id08983
2072,id07618
2073,id01945
2074,id02739
2075,id08661
2076,id03876
2077,id05970
2078,id04496
2079,id05306
2080,id04425
2081,id01005
2082,id02981
2083,id06354
2084,id08066
2085,id03920
2086,id06818
2087,id02544
2088,id01571
2089,id07910
2090,id01016
2091,id03348
2092,id04638
2093,id06689
2094,id09067
2095,id06867
2096,id05133
2097,id00344
2098,id06364
2099,id07574
2100,id06371
2101,id00413
2102,id01768
2103,id02226
2104,id04826
2105,id01749
2106,id05921
2107,id04341
2108,id05841
2109,id07394
2110,id08923
2111,id08093
2112,id06424
2113,id03688
2114,id00906
2115,id06622
2116,id07973
2117,id02706
2118,id02955
2119,id06058
2120,id07641
2121,id03522
2122,id03560
2123,id08809
2124,id07439
2125,id07686
2126,id05205
2127,id05207
2128,id03972
2129,id02344
2130,id01031
2131,id07863
2132,id06791
2133,id05577
2134,id00782
2135,id07186
2136,id08980
2137,id08976
2138,id06222
2139,id07886
2140,id03501
2141,id01065
2142,id05301
2143,id08043
2144,id05197
2145,id00711
2146,id01772
2147,id09238
2148,id08334
2149,id04956
2150,id02119
2151,id08142
2152,id05726
2153,id04900
2154,id05742
2155,id04495
2156,id03089
2157,id00665
2158,id05890
2159,id01990
2160,id02511
2161,id04342
2162,id00575
2163,id06499
2164,id04751
2165,id03517
2166,id04259
2167,id00911
2168,id02109
2169,id07053
2170,id03289
2171,id06227
2172,id06340
2173,id06278
2174,id08627
2175,id07758
2176,id05811
2177,id05694
2178,id03791
2179,id05881
2180,id07648
2181,id01927
2182,id07662
2183,id03242
2184,id04889
2185,id05424
2186,id04898
2187,id03913
2188,id06480
2189,id06237
2190,id07198
2191,id03837
2192,id07838
2193,id04778
2194,id02996
2195,id01434
2196,id06406
2197,id05035
2198,id03891
2199,id07820
2200,id00385
2201,id01155
2202,id06118
2203,id06139
2204,id09091
2205,id06684
2206,id01100
2207,id06465
2208,id03515
2209,id09009
2210,id08998
2211,id00461
2212,id08670
2213,id02098
2214,id00918
2215,id00963
2216,id03955
2217,id03293
2218,id00554
2219,id07399
2220,id04655
2221,id08071
2222,id04393
2223,id07853
2224,id04556
2225,id04516
2226,id06857
2227,id07342
2228,id06931
2229,id07311
2230,id06399
2231,id08659
2232,id05519
2233,id05242
2234,id07638
2235,id01941
2236,id06997
2237,id03934
2238,id01067
2239,id04452
2240,id01239
2241,id06905
2242,id08520
2243,id01172
2244,id01169
2245,id07405
2246,id00434
2247,id08331
2248,id04097
2249,id03690
2250,id05066
2251,id03828
2252,id01963
2253,id02950
2254,id01199
2255,id03226
2256,id00558
2257,id02570
2258,id06835
2259,id06982
2260,id02509
2261,id06772
2262,id01182
2263,id01881
2264,id02089
2265,id04616
2266,id00505
2267,id07614
2268,id00266
2269,id07506
2270,id03915
2271,id08754
2272,id01955
2273,id05922
2274,id06986
2275,id04219
2276,id05522
2277,id06324
2278,id00190
2279,id09000
2280,id01672
2281,id07093
2282,id02395
2283,id08707
2284,id08302
2285,id01800
2286,id04845
2287,id03852
2288,id07293
2289,id01584
2290,id04731
2291,id09263
2292,id02669
2293,id01967
2294,id08945
2295,id00899
2296,id03448
2297,id08757
2298,id04557
2299,id06405
2300,id01683
2301,id01214
2302,id01792
2303,id09143
2304,id06438
2305,id06246
2306,id01052
2307,id01907
2308,id07359
2309,id06503
2310,id03762
2311,id00192
2312,id09230
2313,id07227
2314,id08574
2315,id04608
2316,id00016
2317,id01581
2318,id08145
2319,id05280
2320,id02247
2321,id07473
2322,id01629
2323,id00437
2324,id02935
2325,id02729
2326,id06225
2327,id00431
2328,id05708
2329,id03873
2330,id03304
2331,id06409
2332,id05480
2333,id00959
2334,id06476
2335,id03016
2336,id02051
2337,id06446
2338,id06362
2339,id05510
2340,id02351
2341,id01464
2342,id01641
2343,id00500
2344,id08130
2345,id00992
2346,id07759
2347,id08554
2348,id08789
2349,id06217
2350,id00520
2351,id08134
2352,id07195
2353,id05470
2354,id01751
2355,id05684
2356,id04511
2357,id06845
2358,id06809
2359,id07745
2360,id00857
2361,id07951
2362,id04755
2363,id06343
2364,id04223
2365,id00444
2366,id00429
2367,id02851
2368,id05981
2369,id03654
2370,id08904
2371,id02364
2372,id04297
2373,id05477
2374,id05688
2375,id07525
2376,id01328
2377,id08746
2378,id06984
2379,id02485
2380,id06434
2381,id05190
2382,id07455
2383,id06027
2384,id02071
2385,id07993
2386,id04998
2387,id03360
2388,id06239
2389,id02361
2390,id05930
2391,id04429
2392,id01376
2393,id08218
2394,id00714
2395,id02847
2396,id07128
2397,id01529
2398,id05241
2399,id05942
2400,id00997
2401,id03538
2402,id05686
2403,id05893
2404,id01885
2405,id00417
2406,id03502
2407,id07776
2408,id06741
2409,id06267
2410,id05620
2411,id03985
2412,id08879
2413,id01530
2414,id02943
2415,id01973
2416,id00636
2417,id04153
2418,id03263
2419,id08614
2420,id03195
2421,id04884
2422,id03965
2423,id01761
2424,id05492
2425,id02864
2426,id00423
2427,id08166
2428,id04459
2429,id08433
2430,id08209
2431,id06577
2432,id04263
2433,id08709
2434,id07384
2435,id05038
2436,id05710
2437,id04430
2438,id06200
2439,id02094
2440,id07549
2441,id01765
2442,id08315
2443,id07084
2444,id00354
2445,id00693
2446,id08823
2447,id02438
2448,id04784
2449,id09188
2450,id01108
2451,id03887
2452,id02488
2453,id03317
2454,id07985
2455,id07404
2456,id02276
2457,id03994
2458,id00776
2459,id00995
2460,id09075
2461,id04985
2462,id07524
2463,id00910
2464,id00894
2465,id02597
2466,id07032
2467,id04103
2468,id08612
2469,id07456
2470,id00186
2471,id03327
2472,id02760
2473,id02011
2474,id06357
2475,id04610
2476,id08535
2477,id01974
2478,id08475
2479,id08089
2480,id03813
2481,id05063
2482,id08512
2483,id01722
2484,id08147
2485,id02463
2486,id05421
2487,id01432
2488,id05956
2489,id06152
2490,id06582
2491,id03878
2492,id08694
2493,id09198
2494,id00469
2495,id00741
2496,id06854
2497,id07009
2498,id09079
2499,id06853
2500,id04888
2501,id05494
2502,id06379
2503,id06616
2504,id00358
2505,id00134
2506,id03829
2507,id02926
2508,id04032
2509,id03921
2510,id08235
2511,id06920
2512,id01669
2513,id00292
2514,id00917
2515,id00047
2516,id03245
2517,id08278
2518,id07457
2519,id03993
2520,id00411
2521,id07962
2522,id03649
2523,id02905
2524,id02696
2525,id06394
2526,id02177
2527,id03821
2528,id02720
2529,id03042
2530,id04906
2531,id07140
2532,id02418
2533,id02909
2534,id04292
2535,id07189
2536,id01269
2537,id01916
2538,id02469
2539,id06211
2540,id07292
2541,id07360
2542,id05358
2543,id01821
2544,id07113
2545,id01006
2546,id09218
2547,id05451
2548,id04649
2549,id00456
2550,id00875
2551,id08162
2552,id00755
2553,id07232
2554,id08192
2555,id06753
2556,id03183
2557,id04204
2558,id01124
2559,id05334
2560,id01921
2561,id00183
2562,id02948
2563,id06547
2564,id06010
2565,id09083
2566,id05852
2567,id06863
2568,id03168
2569,id06045
2570,id06935
2571,id03324
2572,id05432
2573,id00490
2574,id00402
2575,id07701
2576,id08020
2577,id07741
2578,id01380
2579,id07321
2580,id05445
2581,id01433
2582,id00846
2583,id03613
2584,id03100
2585,id03927
2586,id07719
2587,id02242
2588,id01671
2589,id03123
2590,id05341
2591,id00723
2592,id02711
2593,id06958
2594,id01539
2595,id07403
2596,id02659
2597,id01931
2598,id07617
2599,id08324
2600,id07233
2601,id00530
2602,id08489
2603,id04721
2604,id01021
2605,id04628
2606,id08347
2607,id06429
2608,id03841
2609,id05170
2610,id02147
2611,id08788
2612,id02817
2613,id00104
2614,id01447
2615,id02871
2616,id01658
2617,id03182
2618,id04653
2619,id02080
2620,id03534
2621,id03001
2622,id04285
2623,id02228
2624,id03935
2625,id04489
2626,id04049
2627,id00056
2628,id05373
2629,id05272
2630,id01725
2631,id08755
2632,id05660
2633,id02693
2634,id05721
2635,id02159
2636,id07507
2637,id08680
2638,id07697
2639,id02266
2640,id04149
2641,id03338
2642,id02998
2643,id05256
2644,id00465
2645,id03461
2646,id04698
2647,id00758
2648,id05908
2649,id07978
2650,id00343
2651,id05287
2652,id08543
2653,id08802
2654,id05847
2655,id03247
2656,id07074
2657,id04051
2658,id00225
2659,id05670
2660,id06103
2661,id06349
2662,id08676
2663,id09235
2664,id06385
2665,id03017
2666,id00770
2667,id06377
2668,id09240
2669,id05295
2670,id01693
2671,id03523
2672,id04244
2673,id04033
2674,id07598
2675,id03741
2676,id03800
2677,id08762
2678,id03223
2679,id08877
2680,id02858
2681,id06210
2682,id03284
2683,id02197
2684,id09088
2685,id01193
2686,id01266
2687,id00033
2688,id06322
2689,id02211
2690,id03244
2691,id00235
2692,id02622
2693,id03729
2694,id09252
2695,id01200
2696,id05920
2697,id06130
2698,id00203
2699,id05441
2700,id00387
2701,id05278
2702,id00908
2703,id04504
2704,id04953
2705,id05213
2706,id07568
2707,id08642
2708,id07957
2709,id00496
2710,id03543
2711,id05607
2712,id07700
2713,id06932
2714,id05724
2715,id04258
2716,id02222
2717,id05739
2718,id06059
2719,id02074
2720,id03180
2721,id04260
2722,id08686
2723,id04969
2724,id00967
2725,id08232
2726,id03628
2727,id03026
2728,id08194
2729,id09152
2730,id04904
2731,id02952
2732,id01268
2733,id06479
2734,id08464
2735,id02554
2736,id07857
2737,id05160
2738,id00127
2739,id02390
2740,id06128
2741,id07977
2742,id02229
2743,id00177
2744,id08551
2745,id04983
2746,id00788
2747,id08728
2748,id00201
2749,id02881
2750,id01835
2751,id08414
2752,id03885
2753,id03306
2754,id07502
2755,id05161
2756,id08078
2757,id02640
2758,id08148
2759,id01257
2760,id06860
2761,id03936
2762,id04897
2763,id02045
2764,id01037
2765,id06108
2766,id07983
2767,id00062
2768,id08003
2769,id05878
2770,id03487
2771,id05735
2772,id02880
2773,id07728
2774,id07078
2775,id00076
2776,id08771
2777,id02304
2778,id07770
2779,id08289
2780,id03763
2781,id07269
2782,id05178
2783,id03870
2784,id04481
2785,id08599
2786,id05321
2787,id03894
2788,id03699
2789,id01017
2790,id08040
2791,id08360
2792,id03119
2793,id05442
2794,id03587
2795,id00524
2796,id01392
2797,id05021
2798,id09094
2799,id03480
2800,id08470
2801,id00283
2802,id04086
2803,id02650
2804,id04982
2805,id01596
2806,id08900
2807,id00508
2808,id06866
2809,id06490
2810,id02807
2811,id03790
2812,id06344
2813,id00170
2814,id04866
2815,id08615
2816,id00021
2817,id08603
2818,id08996
2819,id00645
2820,id05633
2821,id08799
2822,id01532
2823,id01769
2824,id07219
2825,id03512
2826,id07876
2827,id08291
2828,id08406
2829,id00731
2830,id00414
2831,id07459
2832,id03706
2833,id03804
2834,id02264
2835,id00774
2836,id06111
2837,id07533
2838,id09145
2839,id00311
2840,id05509
2841,id04165
2842,id05269
2843,id01933
2844,id05716
2845,id03548
2846,id07988
2847,id00746
2848,id00450
2849,id07215
2850,id05171
2851,id03506
2852,id05689
2853,id08370
2854,id00044
2855,id01386
2856,id03018
2857,id08395
2858,id04035
2859,id05905
2860,id03333
2861,id05308
2862,id08689
2863,id04512
2864,id00559
2865,id01165
2866,id06797
2867,id09172
2868,id07851
2869,id02343
2870,id07785
2871,id01774
2872,id07589
2873,id09082
2874,id00254
2875,id00111
2876,id07799
2877,id08263
2878,id07448
2879,id00535
2880,id04046
2881,id08049
2882,id00893
2883,id09112
2884,id04177
2885,id05378
2886,id08481
2887,id07218
2888,id00185
2889,id06520
2890,id06971
2891,id06518
2892,id01347
2893,id01556
2894,id04191
2895,id05969
2896,id02540
2897,id04838
2898,id01661
2899,id08027
2900,id04047
2901,id03951
2902,id08068
2903,id05584
2904,id06097
2905,id03444
2906,id08885
2907,id00721
2908,id07517
2909,id08260
2910,id08891
2911,id01355
2912,id04418
2913,id01689
2914,id03773
2915,id02808
2916,id07130
2917,id06255
2918,id03632
2919,id04911
2920,id05936
2921,id04705
2922,id03910
2923,id07097
2924,id06754
2925,id05134
2926,id03929
2927,id04345
2928,id05989
2929,id04909
2930,id04846
2931,id05805
2932,id03557
2933,id02795
2934,id01048
2935,id03614
2936,id00234
2937,id00907
2938,id03823
2939,id02538
2940,id08528
2941,id06807
2942,id01098
2943,id03228
2944,id04320
2945,id08931
2946,id04221
2947,id04677
2948,id03853
2949,id01786
2950,id05402
2951,id06539
2952,id05136
2953,id01711
2954,id04621
2955,id07462
2956,id07484
2957,id07637
2958,id00991
2959,id08641
2960,id08691
2961,id08581
2962,id03133
2963,id03285
2964,id00886
2965,id02257
2966,id02986
2967,id03575
2968,id07998
2969,id08521
2970,id08438
2971,id04523
2972,id00238
2973,id09171
2974,id00519
2975,id03508
2976,id04222
2977,id01459
2978,id07011
2979,id04365
2980,id03756
2981,id09033
2982,id04205
2983,id08329
2984,id06673
2985,id05750
2986,id05466
2987,id01254
2988,id05479
2989,id04974
2990,id06156
2991,id09100
2992,id00696
2993,id02965
2994,id05251
2995,id06425
2996,id01905
2997,id04128
2998,id04392
2999,id08459
3000,id03704
3001,id07356
3002,id00052
3003,id04073
3004,id04063
3005,id08898
3006,id04432
3007,id08457
3008,id07105
3009,id04441
3010,id06274
3011,id03743
3012,id03098
3013,id02493
3014,id05986
3015,id02432
3016,id03446
3017,id01449
3018,id04321
3019,id08513
3020,id05352
3021,id08529
3022,id04714
3023,id07417
3024,id05966
3025,id05106
3026,id00398
3027,id02956
3028,id03486
3029,id07664
3030,id05585
3031,id05503
3032,id04353
3033,id01438
3034,id05030
3035,id05944
3036,id01840
3037,id05588
3038,id02667
3039,id03840
3040,id07057
3041,id03644
3042,id03029
3043,id09194
3044,id00860
3045,id01592
3046,id06449
3047,id06497
3048,id05405
3049,id08699
3050,id03843
3051,id07253
3052,id01609
3053,id05534
3054,id04962
3055,id02751
3056,id00462
3057,id06242
3058,id06974
3059,id08472
3060,id06084
3061,id07434
3062,id03427
3063,id04658
3064,id01873
3065,id05831
3066,id08451
3067,id02963
3068,id04229
3069,id08044
3070,id08029
3071,id00695
3072,id01344
3073,id01402
3074,id01018
3075,id02116
3076,id08191
3077,id03457
3078,id00778
3079,id03240
3080,id05268
3081,id08595
3082,id05619
3083,id01969
3084,id02766
3085,id07207
3086,id01029
3087,id08125
3088,id03623
3089,id08927
3090,id04830
3091,id02939
3092,id00482
3093,id06320
3094,id02845
3095,id00089
3096,id02175
3097,id00063
3098,id04997
3099,id08246
3100,id01113
3101,id03540
3102,id01726
3103,id00925
3104,id08731
3105,id07054
3106,id02865
3107,id05199
3108,id00831
3109,id00681
3110,id02263
3111,id04245
3112,id00655
3113,id06481
3114,id07626
3115,id03527
3116,id06940
3117,id06124
3118,id08099
3119,id01552
3120,id08873
3121,id01122
3122,id05833
3123,id07912
3124,id08416
3125,id07860
3126,id05845
3127,id00087
3128,id01995
3129,id01691
3130,id06819
3131,id00835
3132,id05988
3133,id04522
3134,id05698
3135,id07400
3136,id02983
3137,id08806
3138,id03213
3139,id05740
3140,id06966
3141,id04270
3142,id06849
3143,id04836
3144,id05013
3145,id01261
3146,id09070
3147,id01330
3148,id05313
3149,id04450
3150,id03703
3151,id00724
3152,id04397
3153,id07661
3154,id08549
3155,id01736
3156,id00015
3157,id03454
3158,id02532
3159,id00820
3160,id07352
3161,id06985
3162,id05915
3163,id04198
3164,id09207
3165,id06842
3166,id07208
3167,id03238
3168,id06717
3169,id03003
3170,id02196
3171,id05996
3172,id07829
3173,id07590
3174,id05757
3175,id03067
3176,id04506
3177,id08876
3178,id08323
3179,id06526
3180,id07748
3181,id08719
3182,id03907
3183,id04978
3184,id06430
3185,id08193
3186,id04247
3187,id05003
3188,id00245
3189,id07171
3190,id02499
3191,id04031
3192,id03705
3193,id08617
3194,id01234
3195,id05260
3196,id09123
3197,id01854
3198,id08992
3199,id04483
3200,id00159
3201,id07122
3202,id00979
3203,id07283
3204,id01395
3205,id08240
3206,id01674
3207,id05486
3208,id05738
3209,id02262
3210,id00445
3211,id05639
3212,id01505
3213,id07862
3214,id02918
3215,id04287
3216,id03606
3217,id05162
3218,id07217
3219,id06798
3220,id05553
3221,id06892
3222,id06323
3223,id05745
3224,id00902
3225,id08917
3226,id03912
3227,id08704
3228,id04313
3229,id02043
3230,id07679
3231,id03854
3232,id01542
3233,id04272
3234,id08578
3235,id03744
3236,id07724
3237,id09243
3238,id02495
3239,id01857
3240,id01389
3241,id07639
3242,id06026
3243,id05408
3244,id02203
3245,id07192
3246,id06426
3247,id07749
3248,id00066
3249,id03918
3250,id03938
3251,id05057
3252,id09272
3253,id02281
3254,id04074
3255,id07427
3256,id07498
3257,id05376
3258,id07683
3259,id07953
3260,id04520
3261,id01092
3262,id08236
3263,id05516
3264,id08167
3265,id06696
3266,id04039
3267,id01385
3268,id01628
3269,id07997
3270,id08025
3271,id01861
3272,id07723
3273,id06380
3274,id07948
3275,id04303
3276,id07555
3277,id07585
3278,id02653
3279,id06613
3280,id00750
3281,id04102
3282,id01699
3283,id01511
3284,id04704
3285,id00586
3286,id02878
3287,id08984
3288,id01213
3289,id08476
3290,id03331
3291,id05231
3292,id06687
3293,id05303
3294,id06334
3295,id00084
3296,id07989
3297,id01779
3298,id00618
3299,id08657
3300,id01035
3301,id04549
3302,id09116
3303,id00801
3304,id03250
3305,id08781
3306,id04626
3307,id03905
3308,id06776
3309,id02643
3310,id06795
3311,id01728
3312,id05009
3313,id07433
3314,id00055
3315,id03430
3316,id05861
3317,id08702
3318,id00863
3319,id00667
3320,id07556
3321,id05640
3322,id07964
3323,id00374
3324,id02656
3325,id05707
3326,id00673
3327,id06744
3328,id00739
3329,id04463
3330,id03778
3331,id08723
3332,id03459
3333,id08832
3334,id08400
3335,id03007
3336,id08872
3337,id07987
3338,id04996
3339,id03528
3340,id01123
3341,id02446
3342,id02444
3343,id08113
3344,id06228
3345,id06688
3346,id02634
3347,id05647
3348,id01808
3349,id00298
3350,id03107
3351,id04691
3352,id00624
3353,id00826
3354,id06119
3355,id00935
3356,id01296
3357,id05952
3358,id07642
3359,id04383
3360,id07552
3361,id01295
3362,id03919
3363,id02327
3364,id05448
3365,id04196
3366,id07631
3367,id07739
3368,id00479
3369,id04044
3370,id00622
3371,id04825
3372,id01430
3373,id08349
3374,id07353
3375,id02215
3376,id09215
3377,id08727
3378,id01659
3379,id00978
3380,id04026
3381,id00366
3382,id08593
3383,id01042
3384,id03215
3385,id01207
3386,id02346
3387,id07941
3388,id08773
3389,id08651
3390,id08687
3391,id02673
3392,id07866
3393,id05508
3394,id00426
3395,id00241
3396,id01508
3397,id03147
3398,id03137
3399,id01650
3400,id03499
3401,id05423
3402,id00879
3403,id00616
3404,id04273
3405,id02558
3406,id01141
3407,id01906
3408,id01346
3409,id06356
3410,id04387
3411,id08563
3412,id03830
3413,id04280
3414,id08671
3415,id07495
3416,id08424
3417,id08000
3418,id09189
3419,id04715
3420,id02874
3421,id02565
3422,id00692
3423,id03710
3424,id04668
3425,id00168
3426,id07666
3427,id04076
3428,id04282
3429,id04199
3430,id06937
3431,id00787
3432,id08318
3433,id03647
3434,id06194
3435,id06248
3436,id01110
3437,id02009
3438,id01076
3439,id01078
3440,id06759
3441,id08458
3442,id00189
3443,id04453
3444,id00717
3445,id08525
3446,id02489
3447,id00933
3448,id01210
3449,id08997
3450,id06368
3451,id04127
3452,id00368
3453,id06722
3454,id04340
3455,id02077
3456,id03115
3457,id04038
3458,id00946
3459,id02291
3460,id02367
3461,id06946
3462,id08443
3463,id00650
3464,id02023
3465,id09232
3466,id04967
3467,id01175
3468,id00071
3469,id03877
3470,id07066
3471,id03930
3472,id03175
3473,id07163
3474,id03319
3475,id03956
3476,id02223
3477,id03592
3478,id00982
3479,id08377
3480,id05770
3481,id05291
3482,id05935
3483,id01589
3484,id03731
3485,id00427
3486,id01315
3487,id04660
3488,id05453
3489,id01023
3490,id03082
3491,id07947
3492,id05468
3493,id07714
3494,id03745
3495,id01992
3496,id03410
3497,id08480
3498,id09205
3499,id04298
3500,id06631
3501,id02472
3502,id05987
3503,id08446
3504,id02759
3505,id05793
3506,id03390
3507,id01280
3508,id03389
3509,id07624
3510,id04875
3511,id06164
3512,id08586
3513,id00051
3514,id01976
3515,id01305
3516,id03827
3517,id00938
3518,id01264
3519,id08184
3520,id04434
3521,id06247
3522,id06869
3523,id03845
3524,id03020
3525,id06706
3526,id06651
3527,id08160
3528,id06052
3529,id07104
3530,id03057
3531,id07512
3532,id08185
3533,id01545
3534,id04583
3535,id04164
3536,id08590
3537,id07630
3538,id08933
3539,id04409
3540,id06390
3541,id06397
3542,id04174
3543,id03748
3544,id06351
3545,id01904
3546,id04927
3547,id06427
3548,id02450
3549,id01439
3550,id05472
3551,id04493
3552,id00161
3553,id02724
3554,id03640
3555,id05398
3556,id03892
3557,id08462
3558,id06018
3559,id08312
3560,id01407
3561,id06299
3562,id04080
3563,id02575
3564,id01681
3565,id01158
3566,id06529
3567,id03724
3568,id01794
3569,id09139
3570,id06674
3571,id02332
3572,id03625
3573,id07259
3574,id01111
3575,id05264
3576,id07060
3577,id06531
3578,id05526
3579,id05263
3580,id02338
3581,id05039
3582,id02124
3583,id04872
3584,id02032
3585,id01216
3586,id06448
3587,id08944
3588,id00494
3589,id03621
3590,id08123
3591,id08883
3592,id00588
3593,id01191
3594,id03150
3595,id04065
3596,id00025
3597,id04189
3598,id03323
3599,id01426
3600,id07849
3601,id03531
3602,id08079
3603,id01948
3604,id07170
3605,id06607
3606,id06649
3607,id08866
3608,id07581
3609,id07428
3610,id00365
3611,id08454
3612,id05372
3613,id02270
3614,id05011
3615,id01764
3616,id03719
3617,id01394
3618,id08421
3619,id00802
3620,id03477
3621,id00805
3622,id02891
3623,id05076
3624,id03588
3625,id07088
3626,id00028
3627,id04569
3628,id08213
3629,id07002
3630,id05609
3631,id04518
3632,id06138
3633,id03667
3634,id04648
3635,id07999
3636,id02672
3637,id07285
3638,id04436
3639,id07409
3640,id00859
3641,id07742
3642,id07646
3643,id02015
3644,id09007
3645,id02007
3646,id00515
3647,id02084
3648,id09193
3649,id08840
3650,id06375
3651,id08292
3652,id02746
3653,id06861
3654,id01569
3655,id01746
3656,id04527
3657,id06695
3658,id03816
3659,id02188
3660,id06107
3661,id03387
3662,id06697
3663,id01558
3664,id01692
3665,id00888
3666,id02561
3667,id06970
3668,id00752
3669,id00498
3670,id02666
3671,id00642
3672,id07164
3673,id08666
3674,id04551
3675,id00279
3676,id08115
3677,id07883
3678,id03897
3679,id07087
3680,id06828
3681,id01795
3682,id04964
3683,id04990
3684,id04336
3685,id06852
3686,id03597
3687,id03797
3688,id09217
3689,id06335
3690,id03112
3691,id04352
3692,id04022
3693,id06376
3694,id05240
3695,id06494
3696,id08339
3697,id06288
3698,id08402
3699,id02096
3700,id01853
3701,id09138
3702,id02980
3703,id08688
3704,id01352
3705,id08656
3706,id00258
3707,id05067
3708,id01862
3709,id00516
3710,id05422
3711,id04543
3712,id08474
3713,id07200
3714,id07850
3715,id05132
3716,id04637
3717,id02220
3718,id06559
3719,id04091
3720,id03889
3721,id01534
3722,id07721
3723,id01852
3724,id01734
3725,id02484
3726,id05000
3727,id05023
3728,id04485
3729,id07870
3730,id03796
3731,id02665
3732,id04399
3733,id05229
3734,id08645
3735,id02496
3736,id01763
3737,id05012
3738,id05121
3739,id04848
3740,id02194
3741,id00557
3742,id01837
3743,id00747
3744,id09006
3745,id06307
3746,id04025
3747,id01848
3748,id03283
3749,id08119
3750,id00680
3751,id07080
3752,id00928
3753,id07191
3754,id06265
3755,id07744
3756,id01405
3757,id01780
3758,id05061
3759,id03377
3760,id08500
3761,id01685
3762,id03842
3763,id02457
3764,id03865
3765,id06414
3766,id05332
3767,id08442
3768,id07146
3769,id01767
3770,id08580
3771,id06022
3772,id01423
3773,id03923
3774,id08868
3775,id05350
3776,id05297
3777,id02728
3778,id00707
3779,id07407
3780,id01044
3781,id01547
3782,id02866
3783,id00672
3784,id01284
3785,id02959
3786,id03329
3787,id06346
3788,id00923
3789,id07345
3790,id04173
3791,id05528
3792,id02155
3793,id08928
3794,id02877
3795,id02110
3796,id06012
3797,id00651
3798,id02816
3799,id03599
3800,id07707
3801,id05094
3802,id05718
3803,id03261
3804,id08638
3805,id04114
3806,id03388
3807,id05756
3808,id02568
3809,id00677
3810,id03902
3811,id03110
3812,id08022
3813,id06007
3814,id02764
3815,id04479
3816,id05010
3817,id07764
3818,id00390
3819,id07277
3820,id02157
3821,id04413
3822,id08711
3823,id04228
3824,id00542
3825,id04695
3826,id09016
3827,id06384
3828,id05827
3829,id05223
3830,id06095
3831,id00653
3832,id04249
3833,id08463
3834,id07395
3835,id01619
3836,id02991
3837,id05512
3838,id06443
3839,id04580
3840,id05483
3841,id00941
3842,id07036
3843,id03537
3844,id08749
3845,id00036
3846,id08733
3847,id00351
3848,id05666
3849,id01408
3850,id07469
3851,id06073
3852,id02115
3853,id00513
3854,id05980
3855,id04081
3856,id04650
3857,id04839
3858,id04599
3859,id00082
3860,id06423
3861,id07635
3862,id06841
3863,id07554
3864,id08048
3865,id02255
3866,id06850
3867,id06839
3868,id05931
3869,id01947
3870,id00897
3871,id01858
3872,id03084
3873,id06813
3874,id01476
3875,id05149
3876,id02780
3877,id06792
3878,id09109
3879,id05993
3880,id00386
3881,id01946
3882,id09022
3883,id01502
3884,id00811
3885,id04190
3886,id04855
3887,id00262
3888,id07805
3889,id05049
3890,id07955
3891,id01859
3892,id02882
3893,id02202
3894,id04325
3895,id06608
3896,id09076
3897,id01540
3898,id01285
3899,id05506
3900,id04736
3901,id05031
3902,id01637
3903,id08253
3904,id08863
3905,id03103
3906,id05228
3907,id00948
3908,id06703
3909,id07537
3910,id02114
3911,id04482
3912,id05323
3913,id03681
3914,id09003
3915,id03092
3916,id00736
3917,id00919
3918,id07536
3919,id00027
3920,id08394
3921,id05261
3922,id00341
3923,id05665
3924,id03214
3925,id01104
3926,id05354
3927,id01920
3928,id00473
3929,id05191
3930,id06976
3931,id04526
3932,id02501
3933,id04827
3934,id09202
3935,id00242
3936,id08399
3937,id02205
3938,id08555
3939,id01109
3940,id08748
3941,id00843
3942,id03701
3943,id01063
3944,id02070
3945,id05829
3946,id06506
3947,id08795
3948,id04614
3949,id02245
3950,id00314
3951,id08660
3952,id06939
3953,id00964
3954,id05624
3955,id02216
3956,id02961
3957,id06909
3958,id05776
3959,id01676
3960,id07990
3961,id06686
3962,id04140
3963,id00710
3964,id08600
3965,id02473
3966,id02104
3967,id08173
3968,id05926
3969,id03334
3970,id00544
3971,id04117
3972,id08249
3973,id07465
3974,id03272
3975,id08039
3976,id03580
3977,id02067
3978,id01073
3979,id06928
3980,id02174
3981,id07243
3982,id00357
3983,id04676
3984,id03888
3985,id03210
3986,id05752
3987,id06643
3988,id08314
3989,id00592
3990,id05631
3991,id03722
3992,id06989
3993,id06489
3994,id07020
3995,id06044
3996,id08737
3997,id02791
3998,id03260
3999,id06023
4000,id00939
4001,id08381
4002,id05613
4003,id01908
4004,id05226
4005,id03039
4006,id04946
4007,id08902
4008,id04854
4009,id05019
4010,id08794
4011,id01755
4012,id04899
4013,id05014
4014,id05853
4015,id00383
4016,id01139
4017,id05027
4018,id00053
4019,id00468
4020,id06416
4021,id02420
4022,id04734
4023,id04433
4024,id01358
4025,id04641
4026,id06131
4027,id00525
4028,id05384
4029,id06952
4030,id01014
4031,id05343
4032,id08882
4033,id08264
4034,id00687
4035,id03932
4036,id02254
4037,id07623
4038,id06911
4039,id02879
4040,id06704
4041,id00285
4042,id06235
4043,id01527
4044,id00989
4045,id09190
4046,id00359
4047,id01666
4048,id03064
4049,id03620
4050,id02453
4051,id02095
4052,id04367
4053,id03216
4054,id05095
4055,id05892
4056,id05276
4057,id06991
4058,id04644
4059,id03817
4060,id08649
4061,id04789
4062,id02705
4063,id03670
4064,id01410
4065,id09110
4066,id07442
4067,id00987
4068,id00114
4069,id02113
4070,id04460
4071,id00656
4072,id01895
4073,id04617
4074,id00221
4075,id01263
4076,id05700
4077,id06910
4078,id03221
4079,id00947
4080,id07950
4081,id01291
4082,id08602
4083,id04240
4084,id02036
4085,id05991
4086,id02018
4087,id00945
4088,id04155
4089,id04082
4090,id06250
4091,id07452
4092,id07489
4093,id05591
4094,id06341
4095,id08041
4096,id04918
4097,id03693
4098,id06723
4099,id07369
4100,id04566
4101,id08628
4102,id02179
4103,id04236
4104,id07206
4105,id03202
4106,id05200
4107,id05551
4108,id02176
4109,id08639
4110,id01582
4111,id07397
4112,id04111
4113,id03201
4114,id04885
4115,id05725
4116,id08244
4117,id07117
4118,id07974
4119,id05835
4120,id01561
4121,id02471
4122,id01045
4123,id08120
4124,id05576
4125,id07688
4126,id03673
4127,id04508
4128,id00035
4129,id08530
4130,id04182
4131,id02569
4132,id05315
4133,id05328
4134,id02298
4135,id02793
4136,id02625
4137,id05693
4138,id08810
4139,id06292
4140,id00813
4141,id05235
4142,id00685
4143,id06185
4144,id00428
4145,id00288
4146,id05434
4147,id07528
4148,id09144
4149,id00971
4150,id02041
4151,id02838
4152,id05994
4153,id05685
4154,id07176
4155,id06231
4156,id06995
4157,id00773
4158,id06794
4159,id06856
4160,id08283
4161,id03503
4162,id01514
4163,id02389
4164,id05246
4165,id00064
4166,id02052
4167,id00686
4168,id00548
4169,id05172
4170,id03337
4171,id07153
4172,id02537
4173,id03692
4174,id04513
4175,id03952
4176,id07221
4177,id01227
4178,id00883
4179,id07895
4180,id05056
4181,id02150
4182,id07816
4183,id05964
4184,id02187
4185,id06311
4186,id08081
4187,id06530
4188,id06440
4189,id04689
4190,id07085
4191,id06403
4192,id05250
4193,id00754
4194,id02340
4195,id05275
4196,id03111
4197,id01040
4198,id05985
4199,id07492
4200,id00151
4201,id00046
4202,id01797
4203,id00649
4204,id03158
4205,id01025
4206,id04666
4207,id07845
4208,id00786
4209,id00745
4210,id09092
4211,id04042
4212,id05139
4213,id02092
4214,id08786
4215,id08871
4216,id06556
4217,id08906
4218,id08765
4219,id02765
4220,id05079
4221,id00352
4222,id04753
4223,id05760
4224,id00436
4225,id01684
4226,id06557
4227,id00492
4228,id04787
4229,id08792
4230,id06029
4231,id01643
4232,id04230
4233,id04016
4234,id03714
4235,id09111
4236,id07696
4237,id00320
4238,id01497
4239,id00506
4240,id06115
4241,id05145
4242,id05518
4243,id05317
4244,id04576
4245,id05335
4246,id00529
4247,id01246
4248,id04822
4249,id03914
4250,id08497
4251,id00412
4252,id01445
4253,id02287
4254,id06491
4255,id06782
4256,id04968
4257,id08286
4258,id09210
4259,id08440
4260,id09153
4261,id05774
4262,id04215
4263,id04780
4264,id08245
4265,id09008
4266,id02353
4267,id07071
4268,id03713
4269,id08532
4270,id00249
4271,id06732
4272,id05513
4273,id06398
4274,id07346
4275,id03661
4276,id01548
4277,id06165
4278,id03893
4279,id01253
4280,id07246
4281,id06453
4282,id06730
4283,id00779
4284,id00472
4285,id09224
4286,id08015
4287,id01915
4288,id04370
4289,id06583
4290,id05749
4291,id07166
4292,id04494
4293,id09064
4294,id04619
4295,id00188
4296,id02363
4297,id02231
4298,id05729
4299,id07177
4300,id07388
4301,id02567
4302,id04852
4303,id07898
4304,id04886
4305,id00088
4306,id06143
4307,id07660
4308,id05520
4309,id00996
4310,id03753
4311,id01759
4312,id01793
4313,id03422
4314,id03526
4315,id04188
4316,id01002
4317,id01125
4318,id03721
4319,id00163
4320,id08907
4321,id02573
4322,id04437
4323,id03795
4324,id07694
4325,id01909
4326,id06650
4327,id06574
4328,id08741
4329,id04312
4330,id08139
4331,id07771
4332,id08121
4333,id00180
4334,id06927
4335,id01225
4336,id04519
4337,id07532
4338,id04971
4339,id00587
4340,id08195
4341,id02698
4342,id06936
4343,id05487
4344,id03070
4345,id04449
4346,id02100
4347,id04416
4348,id02846
4349,id02534
4350,id01633
4351,id02719
4352,id04547
4353,id03900
4354,id07430
4355,id03909
4356,id02105
4357,id03684
4358,id01258
4359,id08695
4360,id03584
4361,id08238
4362,id09204
4363,id00098
4364,id04728
4365,id08097
4366,id01660
4367,id00942
4368,id01367
4369,id03290
4370,id02900
4371,id02000
4372,id08637
4373,id04332
4374,id07725
4375,id02437
4376,id00303
4377,id05244
4378,id06370
4379,id01211
4380,id04943
4381,id02580
4382,id08920
4383,id08665
4384,id04264
4385,id06934
4386,id04667
4387,id05147
4388,id00769
4389,id01678
4390,id00806
4391,id04300
4392,id04275
4393,id04578
4394,id03220
4395,id05895
4396,id00691
4397,id04739
4398,id05088
4399,id08567
4400,id08517
4401,id05524
4402,id00244
4403,id00024
4404,id00678
4405,id09029
4406,id08019
4407,id03027
4408,id08172
4409,id01179
4410,id01932
4411,id01493
4412,id04028
4413,id03479
4414,id03040
4415,id02123
4416,id08362
4417,id04052
4418,id05221
4419,id04716
4420,id01203
4421,id02655
4422,id06404
4423,id08589
4424,id02310
4425,id07202
4426,id04531
4427,id03863
4428,id07316
4429,id04378
4430,id05460
4431,id01697
4432,id04108
4433,id01429
4434,id00305
4435,id08592
4436,id01887
4437,id03904
4438,id00943
4439,id05873
4440,id08667
4441,id06472
4442,id04687
4443,id08013
4444,id03148
4445,id07188
4446,id02322
4447,id02148
4448,id05874
4449,id05612
4450,id01431
4451,id02411
4452,id05766
4453,id02111
4454,id03037
4455,id01535
4456,id08993
4457,id08279
4458,id03467
4459,id04820
4460,id07826
4461,id02168
4462,id00049
4463,id02731
4464,id09200
4465,id01557
4466,id05642
4467,id01471
4468,id06232
4469,id08604
4470,id08179
4471,id03511
4472,id07051
4473,id08971
4474,id08404
4475,id02099
4476,id04629
4477,id08981
4478,id01159
4479,id06990
4480,id06212
4481,id01965
4482,id04301
4483,id02494
4484,id04350
4485,id05521
4486,id07954
4487,id08219
4488,id02149
4489,id09255
4490,id04718
4491,id08853
4492,id05562
4493,id04014
4494,id05558
4495,id06938
4496,id05258
4497,id03518
4498,id05747
4499,id04503
4500,id07529
4501,id03059
4502,id01068
4503,id06502
4504,id03924
4505,id06621
4506,id05564
4507,id03351
4508,id09164
4509,id06619
4510,id04100
4511,id06799
4512,id08805
4513,id06864
4514,id05769
4515,id04776
4516,id03906
4517,id04725
4518,id08570
4519,id08850
4520,id08356
4521,id03727
4522,id00848
4523,id06881
4524,id02593
4525,id01949
4526,id04788
4527,id06154
4528,id01833
4529,id04243
4530,id00363
4531,id08726
4532,id08234
4533,id01075
4534,id01384
4535,id08408
4536,id06560
4537,id07350
4538,id03193
4539,id04625
4540,id01668
4541,id07376
4542,id07262
4543,id08313
4544,id07247
4545,id03129
4546,id02636
4547,id07335
4548,id06189
4549,id00324
4550,id07151
4551,id08658
4552,id01489
4553,id08605
4554,id00220
4555,id03962
4556,id01237
4557,id05934
4558,id02917
4559,id05490
4560,id00735
4561,id05876
4562,id02021
4563,id09012
4564,id05687
4565,id08685
4566,id03761
4567,id07979
4568,id05456
4569,id01329
4570,id07587
4571,id04893
4572,id08106
4573,id02989
4574,id00781
4575,id03074
4576,id09175
4577,id00810
4578,id01450
4579,id03954
4580,id01677
4581,id06412
4582,id05767
4583,id03702
4584,id01500
4585,id07894
4586,id02893
4587,id01634
4588,id08634
4589,id08215
4590,id05906
4591,id02120
4592,id05262
4593,id01625
4594,id07429
4595,id04502
4596,id04742
4597,id01117
4598,id02642
4599,id00898
4600,id07496
4601,id06944
4602,id00976
4603,id05351
4604,id04268
4605,id05274
4606,id02097
4607,id04586
4608,id01290
4609,id01613
4610,id01570
4611,id05696
4612,id04130
4613,id00059
4614,id01262
4615,id06817
4616,id00377
4617,id07453
4618,id03996
4619,id04406
4620,id03917
4621,id03764
4622,id01060
4623,id01185
4624,id08716
4625,id02048
4626,id00730
4627,id09051
4628,id08597
4629,id01889
4630,id00983
4631,id02911
4632,id08683
4633,id02954
4634,id00043
4635,id08415
4636,id06280
4637,id03749
4638,id09212
4639,id00149
4640,id02416
4641,id04517
4642,id04180
4643,id00291
4644,id01361
4645,id07558
4646,id01167
4647,id08655
4648,id05768
4649,id03043
4650,id03896
4651,id03824
4652,id05547
4653,id00058
4654,id02210
4655,id04618
4656,id01516
4657,id08511
4658,id09027
4659,id00029
4660,id08710
4661,id05029
4662,id07064
4663,id05625
4664,id09062
4665,id00521
4666,id03343
4667,id01626
4668,id00331
4669,id01209
4670,id04377
4671,id04134
4672,id07658
4673,id02410
4674,id08434
4675,id00306
4676,id07275
4677,id00903
4678,id02633
4679,id00198
4680,id06879
4681,id07279
4682,id01568
4683,id07681
4684,id06713
4685,id06454
4686,id05567
4687,id01803
4688,id06220
4689,id02884
4690,id06482
4691,id05940
4692,id00614
4693,id00545
4694,id00407
4695,id06589
4696,id05792
4697,id06926
4698,id06714
4699,id02349
4700,id01238
4701,id03846
4702,id06875
4703,id02121
4704,id05645
4705,id01248
4706,id07094
4707,id01766
4708,id03685
4709,id05203
4710,id04651
4711,id04903
4712,id08441
4713,id01130
4714,id06648
4715,id00543
4716,id01735
4717,id02233
4718,id08588
4719,id01951
4720,id05557
4721,id08936
4722,id01362
4723,id08766
4724,id02316
4725,id06487
4726,id02008
4727,id07165
4728,id02591
4729,id08909
4730,id03720
4731,id02586
4732,id03353
4733,id01599
4734,id03707
4735,id02475
4736,id04821
4737,id07398
4738,id00323
4739,id02832
4740,id00512
4741,id08230
4742,id07314
4743,id05879
4744,id08353
4745,id02553
4746,id05657
4747,id04914
4748,id05779
4749,id05616
4750,id01030
4751,id05224
4752,id03519
4753,id07716
4754,id02004
4755,id02654
4756,id05153
4757,id03203
4758,id07995
4759,id09147
4760,id06025
4761,id08138
4762,id02562
4763,id06820
4764,id01695
4765,id01309
4766,id07588
4767,id08297
4768,id04333
4769,id05851
4770,id04686
4771,id01178
4772,id09028
4773,id05324
4774,id08775
4775,id04427
4776,id00356
4777,id02201
4778,id03967
4779,id01170
4780,id06500
4781,id01364
4782,id04588
4783,id00851
4784,id00561
4785,id02638
4786,id06236
4787,id01411
4788,id06120
4789,id01925
4790,id05727
4791,id01192
4792,id07102
4793,id05443
4794,id08259
4795,id08426
4796,id01682
4797,id00960
4798,id03124
4799,id03895
4800,id07827
4801,id07181
4802,id03146
4803,id02887
4804,id03463
4805,id06663
4806,id04723
4807,id08646
4808,id04257
4809,id04419
4810,id08187
4811,id07752
4812,id03770
4813,id03858
4814,id05808
4815,id02355
4816,id00596
4817,id07120
4818,id03520
4819,id01798
4820,id04652
4821,id05403
4822,id08572
4823,id06810
4824,id06844
4825,id08640
4826,id00578
4827,id02908
4828,id07463
4829,id08724
4830,id00489
4831,id06836
4832,id00309
4833,id08108
4834,id03656
4835,id02156
4836,id07773
4837,id01276
4838,id08186
4839,id06468
4840,id00373
4841,id08074
4842,id05380
4843,id03772
4844,id03859
4845,id04933
4846,id02030
4847,id01805
4848,id02356
4849,id08545
4850,id00272
4851,id03867
4852,id02787
4853,id03361
4854,id01826
4855,id08242
4856,id05946
4857,id05062
4858,id04939
4859,id07358
4860,id05129
4861,id09087
4862,id01760
4863,id00080
4864,id09187
4865,id05052
4866,id01578
4867,id07738
4868,id01142
4869,id02059
4870,id04095
4871,id02684
4872,id03060
4873,id06436
4874,id03493
4875,id07109
4876,id03976
4877,id02806
4878,id05054
4879,id08405
4880,id00528
4881,id01656
4882,id07750
4883,id02081
4884,id08698
4885,id03109
4886,id00099
4887,id00509
4888,id06218
4889,id08601
4890,id03754
4891,id07385
4892,id03619
4893,id03624
4894,id03664
4895,id07756
4896,id08896
4897,id02302
4898,id06233
4899,id07351
4900,id09149
4901,id06279
4902,id05252
4903,id02477
4904,id03346
4905,id00905
4906,id01953
4907,id00611
4908,id01039
4909,id01245
4910,id02384
4911,id08635
4912,id09216
4913,id07685
4914,id01096
4915,id04066
4916,id00974
4917,id05349
4918,id07123
4919,id04319
4920,id03992
4921,id02449
4922,id04712
4923,id01256
4924,id00100
4925,id04770
4926,id01413
4927,id01523
4928,id08293
4929,id04701
4930,id01294
4931,id05357
4932,id06303
4933,id04930
4934,id02061
4935,id06254
4936,id03974
4937,id02585
4938,id00318
4939,id04458
4940,id06614
4941,id05914
4942,id04017
4943,id07229
4944,id03402
4945,id05643
4946,id04296
4947,id06040
4948,id02306
4949,id08831
4950,id08974
4951,id03871
4952,id03968
4953,id08533
4954,id07196
4955,id04694
4956,id07769
4957,id07044
4958,id00012
4959,id05691
4960,id03340
4961,id07197
4962,id04758
4963,id06006
4964,id01504
4965,id02016
4966,id04601
4967,id07543
4968,id04442
4969,id09048
4970,id01667
4971,id02979
4972,id05108
4973,id02713
4974,id06148
4975,id01356
4976,id06173
4977,id04908
4978,id08544
4979,id02592
4980,id07732
4981,id06244
4982,id06411
4983,id06851
4984,id04251
4985,id05504
4986,id03038
4987,id07675
4988,id03735
4989,id07236
4990,id04534
4991,id07736
4992,id05517
4993,id03078
4994,id08950
4995,id04857
4996,id07052
4997,id05869
4998,id07734
4999,id01657
5000,id08437
5001,id00560
5002,id02668
5003,id06122
5004,id06289
5005,id08129
5006,id08132
5007,id07349
5008,id01874
5009,id08725
5010,id07917
5011,id05253
5012,id05296
5013,id05469
5014,id00117
5015,id00726
5016,id04957
5017,id08801
5018,id07294
5019,id00332
5020,id05204
5021,id04562
5022,id02357
5023,id05667
5024,id02047
5025,id05206
5026,id04161
5027,id05887
5028,id08309
5029,id07970
5030,id08397
5031,id03890
5032,id02982
5033,id01510
5034,id05239
5035,id01286
5036,id02661
5037,id06485
5038,id02892
5039,id03953
5040,id06003
5041,id01093
5042,id04901
5043,id01583
5044,id04404
5045,id02572
5046,id02617
5047,id07943
5048,id00463
5049,id08418
5050,id08382
5051,id05271
5052,id04084
5053,id08999
5054,id06417
5055,id04869
5056,id01775
5057,id09015
5058,id00296
5059,id06408
5060,id00641
5061,id06554
5062,id03651
5063,id09229
5064,id05211
5065,id03118
5066,id07255
5067,id01184
5068,id05939
5069,id09025
5070,id07019
5071,id06617
5072,id04446
5073,id02006
5074,id00501
5075,id06823
5076,id00401
5077,id03190
5078,id09269
5079,id07383
5080,id08743
5081,id06701
5082,id06483
5083,id00816
5084,id02392
5085,id03581
5086,id05801
5087,id04559
5088,id04021
5089,id08518
5090,id09174
5091,id02162
5092,id08739
5093,id00265
5094,id01773
5095,id01688
5096,id08700
5097,id03381
5098,id03747
5099,id08146
5100,id00406
5101,id06462
5102,id05131
5103,id08808
5104,id03570
5105,id03736
5106,id04279
5107,id08821
5108,id07975
5109,id05135
5110,id04675
5111,id07747
5112,id08608
5113,id06392
5114,id00503
5115,id00342
5116,id07187
5117,id02761
5118,id08870
5119,id04314
5120,id06383
5121,id03312
5122,id06890
5123,id01745
5124,id07089
5125,id06202
5126,id08708
5127,id03177
5128,id08482
5129,id00876
5130,id01934
5131,id00664
5132,id06893
5133,id03509
5134,id07205
5135,id02740
5136,id05370
5137,id05538
5138,id04986
5139,id03680
5140,id07055
5141,id08585
5142,id06178
5143,id08498
5144,id02886
5145,id06106
5146,id06945
5147,id03066
5148,id02837
5149,id00804
5150,id03269
5151,id09159
5152,id03939
5153,id06478
5154,id01404
5155,id05963
5156,id06544
5157,id06355
5158,id04567
5159,id07755
5160,id07098
5161,id01717
5162,id07550
5163,id08317
5164,id06042
5165,id00924
5166,id00803
5167,id02531
5168,id03715
5169,id06815
5170,id06020
5171,id00475
5172,id00167
5173,id07145
5174,id00269
5175,id08271
5176,id07048
5177,id07297
5178,id05201
5179,id00794
5180,id08285
5181,id04635
5182,id08553
5183,id08938
5184,id03916
5185,id04647
5186,id08915
5187,id01758
5188,id01457
5189,id08925
5190,id06968
5191,id07258
5192,id00797
5193,id04934
5194,id05218
5195,id07916
5196,id08826
5197,id07182
5198,id05091
5199,id08679
5200,id09214
5201,id07580
5202,id03618
5203,id08864
5204,id05870
5205,id04309
5206,id05728
5207,id04709
5208,id07278
5209,id03665
5210,id03958
5211,id09054
5212,id07042
5213,id04692
5214,id03101
5215,id07419
5216,id04763
5217,id06066
5218,id06961
5219,id05369
5220,id01270
5221,id06672
5222,id03922
5223,id07062
5224,id06987
5225,id07673
5226,id06301
5227,id04593
5228,id09074
5229,id00391
5230,id02781
5231,id01544
5232,id01281
5233,id00259
5234,id02863
5235,id03977
5236,id09124
5237,id08477
5238,id03174
5239,id06833
5240,id01754
5241,id07212
5242,id08803
5243,id01196
5244,id06060
5245,id01829
5246,id02555
5247,id08335
5248,id06350
5249,id00841
5250,id01342
5251,id04928
5252,id03200
5253,id01272
5254,id04745
5255,id01787
5256,id08613
5257,id04428
5258,id03088
5259,id05210
5260,id08306
5261,id03436
5262,id04150
5263,id06912
5264,id05997
5265,id04388
5266,id04938
5267,id02722
5268,id09004
5269,id06277
5270,id03622
5271,id02658
5272,id04690
5273,id03884
5274,id01164
5275,id07179
5276,id06133
5277,id07622
5278,id03675
5279,id02786
5280,id02040
5281,id06168
5282,id00146
5283,id08190
5284,id01341
5285,id08837
5286,id01102
5287,id01371
5288,id02106
5289,id05319
5290,id07022
5291,id00929
5292,id00379
5293,id08277
5294,id01663
5295,id06166
5296,id04837
5297,id08128
5298,id04654
5299,id00083
5300,id06140
5301,id06535
5302,id07478
5303,id04571
5304,id09108
5305,id00255
5306,id08258
5307,id00277
5308,id01325
5309,id05141
5310,id06504
5311,id07124
5312,id00785
5313,id02239
5314,id04738
5315,id06342
5316,id06393
5317,id02297
5318,id09078
5319,id00526
5320,id06715
5321,id07576
5322,id06517
5323,id01512
5324,id04058
5325,id00313
5326,id02164
5327,id09099
5328,id03246
5329,id08901
5330,id00172
5331,id05092
5332,id03755
5333,id06086
5334,id06716
5335,id07711
5336,id06996
5337,id08154
5338,id04801
5339,id05196
5340,id08300
5341,id07541
5342,id00026
5343,id08565
5344,id04639
5345,id07438
5346,id00403
5347,id08531
5348,id07412
5349,id04905
5350,id06068
5351,id00669
5352,id00585
5353,id05283
5354,id00395
5355,id00274
5356,id02459
5357,id09005
5358,id02358
5359,id06328
5360,id07928
5361,id02578
5362,id01608
5363,id01363
5364,id05042
5365,id06725
5366,id06439
5367,id01870
5368,id05288
5369,id00018
5370,id03488
5371,id08972
5372,id05554
5373,id07461
5374,id08478
5375,id04274
5376,id05438
5377,id01112
5378,id06779
5379,id08320
5380,id02898
5381,id07801
5382,id00637
5383,id05478
5384,id04166
5385,id02193
5386,id03328
5387,id00504
5388,id03350
5389,id08714
5390,id02414
5391,id04708
5392,id04984
5393,id01369
5394,id09034
5395,id00353
5396,id01585
5397,id07235
5398,id00676
5399,id07254
5400,id01080
5401,id00868
5402,id00495
5403,id07901
5404,id07671
5405,id02249
5406,id04748
5407,id05706
5408,id08217
5409,id09068
5410,id00927
5411,id06594
5412,id07112
5413,id03686
5414,id07167
5415,id01458
5416,id00236
5417,id04266
5418,id05953
5419,id02235
5420,id03187
5421,id01011
5422,id01399
5423,id01119
5424,id01095
5425,id01406
5426,id08251
5427,id00184
5428,id02112
5429,id04802
5430,id08137
5431,id04012
5432,id02461
5433,id03869
5434,id07136
5435,id01739
5436,id08188
5437,id06333
5438,id01864
5439,id02783
5440,id00892
5441,id05960
5442,id00128
5443,id07960
5444,id04497
5445,id03002
5446,id03189
5447,id06495
5448,id05381
5449,id04421
5450,id04294
5451,id07926
5452,id07670
5453,id07885
5454,id05082
5455,id04887
5456,id04422
5457,id03605
5458,id00096
5459,id05621
5460,id03303
5461,id02912
5462,id04115
5463,id07441
5464,id03432
5465,id00246
5466,id00448
5467,id08178
5468,id01056
5469,id08623
5470,id08494
5471,id09161
5472,id04027
5473,id08295
5474,id03989
5475,id01279
5476,id01762
5477,id03258
5478,id05404
5479,id05174
5480,id08738
5481,id06637
5482,id07092
5483,id09271
5484,id08052
5485,id05535
5486,id00165
5487,id02413
5488,id01878
5489,id01802
5490,id05159
5491,id05465
5492,id04877
5493,id00257
5494,id01337
5495,id04579
5496,id00727
5497,id00042
5498,id04093
5499,id04993
5500,id04835
5501,id05663
5502,id07571
5503,id08969
5504,id05943
5505,id02853
5506,id03149
5507,id04600
5508,id02738
5509,id00890
5510,id03071
5511,id08681
5512,id04447
5513,id04475
5514,id07161
5515,id08968
5516,id04623
5517,id03645
5518,id06062
5519,id08375
5520,id03758
5521,id04476
5522,id00610
5523,id01334
5524,id00347
5525,id02426
5526,id07423
5527,id07076
5528,id08722
5529,id01047
5530,id04940
5531,id04116
5532,id07454
5533,id03669
5534,id02010
5535,id06870
5536,id06400
5537,id06050
5538,id07861
5539,id05891
5540,id00833
5541,id06361
5542,id06757
5543,id08510
5544,id01132
5545,id00668
5546,id06445
5547,id03429
5548,id02821
5549,id02735
5550,id08026
5551,id05784
5552,id04597
5553,id04573
5554,id02083
5555,id08538
5556,id00195
5557,id07852
5558,id03212
5559,id06694
5560,id00432
5561,id00753
5562,id01359
5563,id07656
5564,id08281
5565,id03822
5566,id06110
5567,id08890
5568,id02957
5569,id05690
5570,id01090
5571,id03401
5572,id09231
5573,id08626
5574,id05904
5575,id01306
5576,id08098
5577,id05954
5578,id07591
5579,id02903
5580,id03899
5581,id02339
5582,id07416
5583,id01115
5584,id04415
5585,id04525
5586,id00176
5587,id05813
5588,id08468
5589,id02883
5590,id08175
5591,id01842
5592,id02545
5593,id00422
5594,id01856
5595,id06158
5596,id07600
5597,id06054
5598,id02014
5599,id02662
5600,id06251
5601,id05796
5602,id03848
5603,id01049
5604,id00675
5605,id02942
5606,id07944
5607,id07847
5608,id07185
5609,id07415
5610,id04151
5611,id05041
5612,id05764
5613,id01425
5614,id02574
5615,id03273
5616,id01354
5617,id02869
5618,id00571
5619,id01877
5620,id01827
5621,id05704
5622,id08648
5623,id03412
5624,id05248
5625,id07413
5626,id01101
5627,id06081
5628,id05454
5629,id05563
5630,id02987
5631,id06216
5632,id08916
5633,id04126
5634,id08030
5635,id06396
5636,id00775
5637,id05444
5638,id01053
5639,id03031
5640,id03004
5641,id01720
5642,id04545
5643,id02381
5644,id03449
5645,id04584
5646,id06121
5647,id07753
5648,id03663
5649,id03409
5650,id01455
5651,id04781
5652,id05932
5653,id07761
5654,id08073
5655,id07572
5656,id01986
5657,id07786
5658,id04237
5659,id08417
5660,id00517
5661,id03943
5662,id07099
5663,id00261
5664,id04487
5665,id04907
5666,id00569
5667,id04863
5668,id02301
5669,id02185
5670,id01975
5671,id07295
5672,id02566
5673,id01351
5674,id00994
5675,id07560
5676,id00393
5677,id08747
5678,id01323
5679,id04089
5680,id06748
5681,id06155
5682,id04834
5683,id02440
5684,id07114
5685,id03366
5686,id04322
5687,id04935
5688,id03207
5689,id05426
5690,id03384
5691,id02035
5692,id02587
5693,id07717
5694,id03779
5695,id03298
5696,id04609
5697,id06014
5698,id06302
5699,id04640
5700,id07526
5701,id01521
5702,id07238
5703,id07045
5704,id01043
5705,id06837
5706,id08096
5707,id06238
5708,id06055
5709,id00937
5710,id05959
5711,id03425
5712,id07242
5713,id05392
5714,id02087
5715,id07344
5716,id07250
5717,id07534
5718,id01876
5719,id01490
5720,id09160
5721,id03694
5722,id01733
5723,id03578
5724,id06960
5725,id08768
5726,id00175
5727,id03014
5728,id04585
5729,id08875
5730,id06431
5731,id08453
5732,id01564
5733,id00316
5734,id00271
5735,id04171
5736,id01987
5737,id02608
5738,id06146
5739,id03940
5740,id05615
5741,id06763
5742,id04756
5743,id01639
5744,id04842
5745,id06519
5746,id06548
5747,id06900
5748,id07389
5749,id01890
5750,id09018
5751,id03775
5752,id03746
5753,id00644
5754,id04405
5755,id01470
5756,id05344
5757,id06459
5758,id00990
5759,id07474
5760,id06234
5761,id08243
5762,id02944
5763,id03485
5764,id00620
5765,id08516
5766,id09081
5767,id05913
5768,id03426
5769,id07355
5770,id07704
5771,id01126
5772,id03134
5773,id08212
5774,id03315
5775,id06624
5776,id07362
5777,id06962
5778,id09010
5779,id06015
5780,id03535
5781,id00621
5782,id01928
5783,id08143
5784,id04488
5785,id07160
5786,id00966
5787,id02273
5788,id02289
5789,id03971
5790,id06645
5791,id07780
5792,id05990
5793,id00155
5794,id00289
5795,id06752
5796,id01982
5797,id01349
5798,id02055
5799,id01899
5800,id03781
5801,id07644
5802,id07706
5803,id03760
5804,id00022
5805,id04105
5806,id09163
5807,id03732
5808,id04706
5809,id03556
5810,id03947
5811,id08761
5812,id06749
5813,id03265
5814,id00297
5815,id04147
5816,id08065
5817,id09146
5818,id00467
5819,id01655
5820,id04344
5821,id04423
5822,id02733
5823,id08751
5824,id04981
5825,id08358
5826,id08350
5827,id01168
5828,id03716
5829,id03354
5830,id07169
5831,id02079
5832,id06812
5833,id00409
5834,id04499
5835,id02209
5836,id00633
5837,id06964
5838,id00067
5839,id01403
5840,id06843
5841,id05586
5842,id00567
5843,id01327
5844,id03733
5845,id04239
5846,id07131
5847,id03529
5848,id02916
5849,id00589
5850,id00709
5851,id02166
5852,id07956
5853,id05583
5854,id08419
5855,id07819
5856,id06061
5857,id00399
5858,id04537
5859,id04963
5860,id04036
5861,id09053
5862,id01653
5863,id08975
5864,id08273
5865,id07967
5866,id02888
5867,id07077
5868,id06134
5869,id04070
5870,id03371
5871,id05102
5872,id05998
5873,id02271
5874,id03573
5875,id03184
5876,id04358
5877,id03015
5878,id06941
5879,id00852
5880,id04261
5881,id04757
5882,id08941
5883,id02315
5884,id03455
5885,id03659
5886,id08016
5887,id01010
5888,id06456
5889,id05814
5890,id05762
5891,id04062
5892,id05137
5893,id03318
5894,id08376
5895,id03861
5896,id00597
5897,id01081
5898,id07972
5899,id07652
5900,id08204
5901,id01741
5902,id05743
5903,id00934
5904,id06597
5905,id03782
5906,id07551
5907,id08014
5908,id05777
5909,id06049
5910,id02904
5911,id07251
5912,id06612
5913,id04136
5914,id08942
5915,id04267
5916,id00566
5917,id06876
5918,id04376
5919,id04186
5920,id08333
5921,id08411
5922,id09119
5923,id00552
5924,id04374
5925,id00145
5926,id02153
5927,id08633
5928,id01313
5929,id02348
5930,id05342
5931,id02219
5932,id07100
5933,id07980
5934,id04178
5935,id07370
5936,id08176
5937,id04783
5938,id02890
5939,id06983
5940,id08750
5941,id02505
5942,id00105
5943,id05741
5944,id05628
5945,id00304
5946,id06662
5947,id05476
5948,id00643
5949,id06972
5950,id00275
5951,id06353
5952,id01391
5953,id01533
5954,id09121
5955,id03634
5956,id01348
5957,id08280
5958,id03136
5959,id00430
5960,id02873
5961,id00420
5962,id08618
5963,id01849
5964,id00502
5965,id06767
5966,id03205
5967,id02151
5968,id05858
5969,id07809
5970,id05034
5971,id06584
5972,id06973
5973,id04624
5974,id08354
5975,id01339
5976,id02318
5977,id02268
5978,id05179
5979,id05836
5980,id06907
5981,id03752
5982,id01893
5983,id07173
5984,id06498
5985,id09154
5986,id06507
5987,id06114
5988,id04582
5989,id07875
5990,id03364
5991,id07037
5992,id00830
5993,id02282
5994,id03347
5995,id00926
5996,id02685
5997,id02577
5998,id02542
5999,id03981
6000,id08456
6001,id05816
6002,id07802
6003,id01224
6004,id06811
6005,id03178
6006,id05850
6007,id07868
6008,id05015
6009,id05459
6010,id07874
6011,id00817
6012,id03524
6013,id05202
6014,id00866
6015,id00419
6016,id08548
6017,id06209
6018,id04478
6019,id02057
6020,id07312
6021,id06310
6022,id00812
6023,id05176
6024,id07961
6025,id08392
6026,id02548
6027,id02465
6028,id01618
6029,id07663
6030,id04232
6031,id04656
6032,id07494
6033,id07621
6034,id01460
6035,id02181
6036,id07414
6037,id08911
6038,id05594
6039,id04295
6040,id04950
6041,id01989
6042,id04862
6043,id01066
6044,id03789
6045,id04030
6046,id04094
6047,id00061
6048,id03382
6049,id01228
6050,id01541
6051,id06913
6052,id09017
6053,id03030
6054,id04570
6055,id02286
6056,id03862
6057,id05124
6058,id08696
6059,id06484
6060,id01509
6061,id04253
6062,id05055
6063,id01000
6064,id05654
6065,id02445
6066,id02086
6067,id04006
6068,id02576
6069,id01106
6070,id03978
6071,id08149
6072,id04657
6073,id01593
6074,id07396
6075,id01567
6076,id08374
6077,id02019
6078,id06104
6079,id03677
6080,id00154
6081,id04119
6082,id04627
6083,id05714
6084,id01298
6085,id07426
6086,id07620
6087,id02317
6088,id07354
6089,id08552
6090,id06816
6091,id05999
6092,id01333
6093,id06692
6094,id04276
6095,id04366
6096,id04536
6097,id03041
6098,id02725
6099,id00017
6100,id01041
6101,id03839
6102,id01892
6103,id01437
6104,id00081
6105,id02745
6106,id08701
6107,id00562
6108,id03127
6109,id03969
6110,id03980
6111,id01822
